Name,Category,Subcategory,Pricing,Direct Link,Description
Zeroheight,Design-Systems,DS-Documentation,Freemium,https://zeroheight.com,Design system documentation platform
Storybook,Design-Systems,DS-Documentation,Freemium,https://zeroheight.com,UI tool for creating UI components and presenting them in automatically generated documentation
Markpromt,Design-Systems,DS-Documentation,Freemium,https://markprompt.com/,AI chatbot for websites and docs
Automatic StyleGuides,Design-Systems,DS-Documentation,Free,https://www.figma.com/community/plugin/838622388628773312/Automatic-Style-Guides,Plugin for generating style guides in Figma
Auto Documentation,Design-Systems,DS-Documentation,Free,https://www.figma.com/community/plugin/1134018716847999330/Auto-Documentation,Plugin for generating style documentation in Figma
FigMayo,Design-Systems,DS-Documentation,Freemium,https://www.figmayo.com/?ref=producthunt,Automatically generated documentation directly from Figma
,,,,,
,,,,,
,,,,,
,,,,,
,,,,,